1,TTGCGGCGGGAGCAGT,TTGCGGGGGAGCAGT
2,GCGTATCACTAGGTT,GCGTATCACTAGGTTT
3,CTGGTACCGTCACAGGTCC,CTGGTACAGTCACAGGTCC
4,AGGACACGC,AGGATACGC
5,CTATAGGGGTT,CTATAGGGAGTT
6,T,
7,G,
8,AATTTA,AATATA
9,TCT,TC
10,TCTCTCTC,TCTCTCCTC
11,GGAACTGGGCGAC,GGAACTGGGCAC
12,TG,GTG
13,GATCGT,CGATCGT
14,TTGTATAT,TTGTAAT
15,AAG,AGAG
16,CA,GA
17,GCGGAGGTTGGGTCAGA,GCGGAGGTTTGGGTCAGA
18,C,
19,AGATT,AGTT
20,CTGTCCTACATATTGTTCCC,CAGTCCTACATATTGTTCCC
21,GCAAATGGCACTGTC,GCAATGGCACTGTC
22,AGCCTTCTCT,AGCCTGTCTCT
23,AG,G
24,GAGAGAGTCA,CGAGAGAGTCA
25,CCGAA,CCGTA
26,TCGGGTGTAGCCGTAAC,TCGGGTGTAGCCGTAA
27,CGGTCAAATTGTTTGC,CGGTCAAAATGTTTGC
28,GTTGAATACT,GTTTGAATACT
29,AAT,AA
30,C,A
31,ACAGACTAGGGGGCCTCAA,ACAGACTAGGGGGCCTCCAA
32,ATAATGAATAAACTA,TTAATGAATAAACTA
33,TCCCCGATCTTCA,TCCCCGACTTCA
34,TTACAGATAATCAGCATG,TTACAGATAATTCAGCATG
35,GTTC,GTTG
36,GTCT,GTACT
37,CAA,GCAA
38,TGATGA,GGATGA
39,GAGCGTAAGCT,GGCGTAAGCT
40,AA,AC
41,CTGGCCTTGTAGGCTAA,CTGGCCTTGTAGCTAA
42,CAT,CT
43,TAAAAT,TGAAAAT
44,GGGGTCCGGCGAATG,GGGGTCCGGCGAATGG
45,CT,GT
46,AGGA,AAGGA
47,GTCCCATCTGGAGTGT,GTCCAATCTGGAGTGT
48,AT,AAT
49,TTCCGTCCACCCAAG,TTCCGTCCCACCCAAG
50,AACG,ACG
51,G,T
52,CTTCACTCTA,CTTCTCTCTA
53,CCTCC,ACTCC
54,CCCACTACATTTAATATG,CCCAACTACATTTAATATG
55,AGCTCCCTTCTCAG,AGCTCCGTTCTCAG
56,TGCACT,TGACT
57,CGTATACCTACGCGA,CGTATACCTACGCA
58,CTCTTGCGGGACGTCCC,ACTCTTGCGGGACGTCCC
59,CTCCCACGCCGC,CTCCCAGCCGC
60,TCATT,TTATT
61,GTGGACGCATTAA,GTGCGACGCATTAA
62,CGAACGTAGACTGGGTG,CGAACGTAGACTGGGTCG
63,GCAAAGTTAACGAACGAGCG,GCAAAGTTAACGAACGAGCT
64,TATCA,TACTCA
65,CCACATACTTCAGGG,CCACATACGTTCAGGG
66,GTGCAGTCTTAACTCGTTA,GTGCAGTCTTAACTCGTT
67,CAGTTCGCA,CAGTTCGGA
68,TATATATAAATGCATG,TATTATAAATGCATG
69,GCGTCCGGCG,GCGTCCGGCTG
70,GGAACTGACTAAAGGGAGAC,GGAACTGACTCAAGGGAGAC
71,TCCCTCATGGACCACCTTT,TCCCTCATGGACCAACCTTT
72,AAA,AAT
73,CTATATAATAGCTCTTGAC,CTATATAATAGCTCTTGA
74,CAAACTGCTTCCC,CAAACTGCTTCC
75,A,
76,TGCCGGTTTTGAGTCCTGT,TGCCGGATTTTGAGTCCTGT
77,CGG,CG
78,GTAAATGA,TAAATGA
79,TGCAATAGTACTA,TGCAATAGTCACTA
80,ACTCAACTCGAGGGTGTTCC,ACTCAACTCGAGGGTGGTTCC
81,AA,A
82,AT,CT
83,AA,AT
84,TTTCCATTTAGAGCTTCA,TTTCCATTTAGAGCTTCG
85,ACCTGAGCTACCTGTGAGAT,GCCTGAGCTACCTGTGAGAT
86,GAACGAAGACGCCA,GAACGAAGACGCA
87,CGGCCGAGGGTACAA,CTGCCGAGGGTACAA
88,TTCCTCTC,TTCCCTC
89,ACTGGT,ACGGGT
90,ATCGCAATCCC,ATCGCAATCC
91,GCCAAACACACTGCCTGC,GCCAAATCACACTGCCTGC
92,AA,TA
93,AATGATCTTC,AATGATCTGC
94,AGTCTCCTGAGGGGA,AGTTTCCTGAGGGGA
95,GTTACAATCCACTT,GTTACAATGCACTT
96,CGGTGCACC,CGGTCCACC
97,CATGGCCGAATCTCAC,CATGGCCGAGTCTCAC
98,GGCTTCTGAAT,GGCTTCTGAGT
99,TCTCCGGATACGCCATCA,TCTCCGGATACTGCCATCA
100,TGCAGATACCCAC,TGCAGATCCCAC
